problem_key,parameterId,parameterId,lowerBound,upperBound,ensemble_mean,ensemble_std,ensemble_median,within lb: 1 std,within ub: 1 std,within lb: 2 std,within ub: 2 std,within lb: 3 std,within ub: 3 std,within lb: perc 5,within lb: perc 20,within ub: perc 80,within ub: perc 95,percentile_5,percentile_25,percentile_75,percentile_95,true_value,A0,B0
prob_000 | p_000,rA,rA,0.001,100.0,0.09141836996845422,0.1516399363985175,0.09141836996845422,False,True,False,True,False,True,True,True,True,True,0.0013168951627759026,0.004748142259489178,0.10168411061102821,0.4147466770931765,0.1,[0.1],[0.9]
prob_000 | p_000,rB,rB,0.001,100.0,0.09981166399680685,0.0025048663774358475,0.09981166399680685,True,True,True,True,True,True,True,True,True,True,0.09637867133487936,0.09818108234983727,0.10100131917240442,0.10453751260332951,0.1,[0.1],[0.9]
prob_001 | p_000,rA,rA,0.001,100.0,0.06150790565036494,0.05027976655956829,0.06150790565036494,True,True,False,True,False,True,True,True,True,True,0.00215311764051464,0.015438793663718304,0.09611452608541095,0.15586892645306796,0.1,[0.3],[0.7]
prob_001 | p_000,rB,rB,0.001,100.0,0.09523023941943852,0.006493678569148632,0.09523023941943852,True,True,True,True,True,True,True,True,True,True,0.08658350013234184,0.09000917137284097,0.09969792849053453,0.10739415559961576,0.1,[0.3],[0.7]
prob_002 | p_000,rA,rA,0.001,100.0,0.1263638096822732,1.7270862562605,0.1263638096822732,False,True,False,True,False,True,True,True,True,True,0.0011488937223109801,0.0020674980525374385,0.007921782897865019,0.04521816042205118,0.1,[0.5],[0.5]
prob_002 | p_000,rB,rB,0.001,100.0,0.1268148289987524,1.7369890090858426,0.1268148289987524,False,True,False,True,False,True,True,True,True,True,0.001161385298989375,0.00206388565476625,0.007964563116877458,0.04922722318385252,0.1,[0.5],[0.5]
prob_003 | p_000,rA,rA,0.001,100.0,0.09552003375544871,0.006486163481631735,0.09552003375544871,True,True,True,True,True,True,True,True,True,True,0.08666575122518126,0.09015305800372041,0.10048649821762591,0.10669686291751815,0.1,[0.7],[0.3]
prob_003 | p_000,rB,rB,0.001,100.0,0.06453724937141421,0.05017094564758841,0.06453724937141421,True,True,False,True,False,True,True,True,True,True,0.0023578867878016,0.01864255953276123,0.10276040455749057,0.15287346407656294,0.1,[0.7],[0.3]
prob_004 | p_000,rA,rA,0.001,100.0,0.09980630139159104,0.0024574161582129684,0.09980630139159104,True,True,True,True,True,True,True,True,True,True,0.0964179489775402,0.09815695392328132,0.10104070581898056,0.10445383865260638,0.1,[0.9],[0.1]
prob_004 | p_000,rB,rB,0.001,100.0,0.08664222094973613,0.14470258452921272,0.08664222094973613,False,True,False,True,False,True,True,True,True,True,0.001267380759460556,0.004187025655339103,0.10358280367447308,0.4058650080996171,0.1,[0.9],[0.1]
prob_000 | p_001,rA,rA,0.001,100.0,0.13060542727324356,0.25084769091228,0.13060542727324356,False,True,False,True,False,True,True,True,True,True,0.001354210688119815,0.005346167936427745,0.13396547968783748,0.5795142050544344,0.1,[0.1],[0.9]
prob_000 | p_001,rB,rB,0.001,100.0,0.501640540380369,0.014021414258149546,0.501640540380369,True,True,True,True,True,True,True,True,True,True,0.48914660676051225,0.49385466362302666,0.5036898469254909,0.5260930353211145,0.5,[0.1],[0.9]
prob_001 | p_001,rA,rA,0.001,100.0,0.05585106798328127,0.10908950833601894,0.05585106798328127,False,True,False,True,False,True,True,True,True,True,0.0014429770043675482,0.004361933844386927,0.0553215310906091,0.2574786593910434,0.1,[0.3],[0.7]
prob_001 | p_001,rB,rB,0.001,100.0,0.4845552023588393,0.0384817047818862,0.4845552023588393,True,True,True,True,True,True,True,True,True,True,0.4610834749218751,0.46678669585480637,0.4849182876532136,0.5483207481329962,0.5,[0.3],[0.7]
prob_002 | p_001,rA,rA,0.001,100.0,0.09372723233184665,0.028344727094117346,0.09372723233184665,True,True,True,True,True,True,True,True,True,True,0.04996463234146582,0.07348587077975549,0.11111958618221623,0.1454071233832662,0.1,[0.5],[0.5]
prob_002 | p_001,rB,rB,0.001,100.0,0.4886277529235205,0.051418091333682275,0.4886277529235205,True,True,True,True,True,True,True,True,True,True,0.4080850193287289,0.45308095571656115,0.5214671999116528,0.5819460723041195,0.5,[0.5],[0.5]
prob_003 | p_001,rA,rA,0.001,100.0,0.09915348619789889,0.007088541478676096,0.09915348619789889,True,True,True,True,True,True,True,True,True,True,0.08749405974868721,0.09447373221964872,0.10351790666031259,0.11141602156279856,0.1,[0.7],[0.3]
prob_003 | p_001,rB,rB,0.001,100.0,0.4929836088119758,0.06581433831017977,0.4929836088119758,True,True,True,True,True,True,True,True,True,True,0.3862230703556024,0.4490080259947412,0.5337524308289359,0.6056102852098199,0.5,[0.7],[0.3]
prob_004 | p_001,rA,rA,0.001,100.0,0.09627035066351623,0.003750368819848881,0.09627035066351623,True,True,True,True,True,True,True,True,True,True,0.09182030723985873,0.09356605539405229,0.09789830172696852,0.10350472621734762,0.1,[0.9],[0.1]
prob_004 | p_001,rB,rB,0.001,100.0,0.20204374564276245,0.2746774296873436,0.20204374564276245,False,True,False,True,False,True,True,True,True,True,0.0016378128109008976,0.011359405387898976,0.30455900353802406,0.8202859911162925,0.5,[0.9],[0.1]
prob_001 | p_002,rA,rA,0.001,100.0,0.040496271063790695,0.05599687351242126,0.040496271063790695,False,True,False,True,False,True,True,True,True,True,0.001295735679871075,0.004550706126715805,0.054528545320789726,0.1470379412256473,0.1,[0.3],[0.7]
prob_001 | p_002,rB,rB,0.001,100.0,0.9573169589989405,0.04147534891790066,0.9573169589989405,True,True,True,True,True,True,True,True,True,True,0.9207758328070981,0.9324917826846435,0.9689701034576024,1.031345442039566,1.0,[0.3],[0.7]
prob_002 | p_002,rA,rA,0.001,100.0,0.09888674539283468,0.01449460850667786,0.09888674539283468,True,True,True,True,True,True,True,True,True,True,0.07590844394840401,0.08867607570648713,0.10827717970431686,0.12309285817157872,0.1,[0.5],[0.5]
prob_002 | p_002,rB,rB,0.001,100.0,0.9968611601062284,0.043294160596817365,0.9968611601062284,True,True,True,True,True,True,True,True,True,True,0.9278424895904819,0.9650739991596976,1.0251270968957367,1.0707407815543164,1.0,[0.5],[0.5]
prob_003 | p_002,rA,rA,0.001,100.0,0.0998045447636103,0.006918049941491637,0.0998045447636103,True,True,True,True,True,True,True,True,True,True,0.08886408689253644,0.09520568490430494,0.10444087587645205,0.11165638247254334,0.1,[0.7],[0.3]
prob_003 | p_002,rB,rB,0.001,100.0,0.9966833829904657,0.0772955533661508,0.9966833829904657,True,True,True,True,True,True,True,True,True,True,0.8743563715525464,0.9417074574624348,1.0478381541311643,1.1253037905959644,1.0,[0.7],[0.3]
prob_004 | p_002,rA,rA,0.001,100.0,0.09558897089919782,0.005840772965956434,0.09558897089919782,True,True,True,True,True,True,True,True,True,True,0.08738846355494863,0.09085578280029277,0.09998025759904566,0.10570802646229652,0.1,[0.9],[0.1]
prob_004 | p_002,rB,rB,0.001,100.0,0.636601115766413,0.4772125661796723,0.636601115766413,True,True,False,True,False,True,True,True,True,True,0.0053481346975207235,0.21654709180700538,0.9814497025118682,1.4915043446320544,1.0,[0.9],[0.1]
prob_000 | p_003,rA,rA,0.001,100.0,0.09441224064322254,0.17260268962359174,0.09441224064322254,False,True,False,True,False,True,True,True,True,True,0.001346135899183037,0.004824136029784952,0.10478303649073048,0.4121053507317723,0.1,[0.1],[0.9]
prob_000 | p_003,rB,rB,0.001,100.0,1.9984678742310933,0.05827618709211054,1.9984678742310933,True,True,True,True,True,True,True,True,True,True,1.9412445346286307,1.967175161154025,2.009329296816525,2.1007523287250973,2.0,[0.1],[0.9]
prob_001 | p_003,rA,rA,0.001,100.0,0.07902233896142358,0.044983142697563275,0.07902233896142358,True,True,False,True,False,True,True,True,True,True,0.00844162550592049,0.04491537936976996,0.11086813298128158,0.15532257463743893,0.1,[0.3],[0.7]
prob_001 | p_003,rB,rB,0.001,100.0,1.9652208256751538,0.0755299468059597,1.9652208256751538,True,True,True,True,True,True,True,True,True,True,1.8474435944055705,1.9094936451835396,2.016758845823705,2.095606340682483,2.0,[0.3],[0.7]
prob_002 | p_003,rA,rA,0.001,100.0,0.09977541524641426,0.00964215801399962,0.09977541524641426,True,True,True,True,True,True,True,True,True,True,0.0842433015545391,0.0930234136050051,0.10623469452108292,0.11564902845588838,0.1,[0.5],[0.5]
prob_002 | p_003,rB,rB,0.001,100.0,1.999212210561924,0.054735556572700496,1.999212210561924,True,True,True,True,True,True,True,True,True,True,1.908846896090834,1.960958701776685,2.033956486914662,2.0916599924254298,2.0,[0.5],[0.5]
prob_003 | p_003,rA,rA,0.001,100.0,0.09989658968781903,0.007291478860468698,0.09989658968781903,True,True,True,True,True,True,True,True,True,True,0.08853596661685272,0.09480494313951678,0.10462413733720614,0.11238384900541135,0.1,[0.7],[0.3]
prob_003 | p_003,rB,rB,0.001,100.0,2.0000019068008825,0.1084115937798123,2.0000019068008825,True,True,True,True,True,True,True,True,True,True,1.8254149031946816,1.9263012547883709,2.0743825465908956,2.176374264372738,2.0,[0.7],[0.3]
prob_004 | p_003,rA,rA,0.001,100.0,0.09876068374160811,0.005943825071178548,0.09876068374160811,True,True,True,True,True,True,True,True,True,True,0.08910401008015371,0.09489997610135151,0.10269509575201118,0.10922326191769524,0.1,[0.9],[0.1]
prob_004 | p_003,rB,rB,0.001,100.0,1.8839344842872854,0.5212930099516748,1.8839344842872854,True,True,True,True,True,True,True,True,True,True,1.0371720261991713,1.5235659866622253,2.2150912066439505,2.7980014268138187,2.0,[0.9],[0.1]
prob_000 | p_004,rA,rA,0.001,100.0,0.12051699846751297,0.2028436876619734,0.12051699846751297,False,True,False,True,False,True,True,True,True,True,0.001509107757726439,0.005791527332066424,0.1377043206107123,0.531685225109924,0.1,[0.1],[0.9]
prob_000 | p_004,rB,rB,0.001,100.0,10.05503246203284,0.5523883066807717,10.05503246203284,True,True,True,True,True,True,True,True,True,True,9.41123437916425,9.715607860834119,10.236552333739295,11.149394930960748,10.0,[0.1],[0.9]
prob_001 | p_004,rA,rA,0.001,100.0,0.09926770092724434,0.01976901628213541,0.09926770092724434,True,True,True,True,True,True,True,True,True,True,0.06693386765713749,0.08529123642488197,0.11217102655932855,0.1328639732831994,0.1,[0.3],[0.7]
prob_001 | p_004,rB,rB,0.001,100.0,9.986587393938663,0.3317491722197483,9.986587393938663,True,True,True,True,True,True,True,True,True,True,9.44361625240461,9.752336147567789,10.191986865825852,10.533456086007968,10.0,[0.3],[0.7]
prob_002 | p_004,rA,rA,0.001,100.0,0.10043664808845076,0.014107395128832956,0.10043664808845076,True,True,True,True,True,True,True,True,True,True,0.07882479374801057,0.09008784842094487,0.11039273762423528,0.12469885514865219,0.1,[0.5],[0.5]
prob_002 | p_004,rB,rB,0.001,100.0,10.001385612142084,0.3662442218051557,10.001385612142084,True,True,True,True,True,True,True,True,True,True,9.42217802607361,9.759149725505493,10.245802461123933,10.614318319925411,10.0,[0.5],[0.5]
prob_003 | p_004,rA,rA,0.001,100.0,0.10028411116029805,0.009850091490061684,0.10028411116029805,True,True,True,True,True,True,True,True,True,True,0.0845415674159334,0.09385774003190521,0.10684198317228231,0.11698883358559875,0.1,[0.7],[0.3]
prob_003 | p_004,rB,rB,0.001,100.0,10.012957854114791,0.44659134628936537,10.012957854114791,True,True,True,True,True,True,True,True,True,True,9.284281041802943,9.705951367185934,10.294673845858094,10.777427203617718,10.0,[0.7],[0.3]
prob_004 | p_004,rA,rA,0.001,100.0,0.1001235958633509,0.007173862951020659,0.1001235958633509,True,True,True,True,True,True,True,True,True,True,0.08850750399613135,0.09523823403347001,0.10477079817387827,0.11245033576486735,0.1,[0.9],[0.1]
prob_004 | p_004,rB,rB,0.001,100.0,10.030707419073284,1.0477482590144342,10.030707419073284,True,True,True,True,True,True,True,True,True,True,8.381761577647994,9.281715332638976,10.733997555940348,11.844967955939751,10.0,[0.9],[0.1]
prob_000 | p_005,rA,rA,0.001,100.0,0.17416864984524347,0.2704523048560142,0.17416864984524347,False,True,False,True,False,True,True,True,True,True,0.0015531077867441691,0.007193972762268019,0.233515940346677,0.7843190465832468,0.5,[0.1],[0.9]
prob_000 | p_005,rB,rB,0.001,100.0,0.4834905672116116,0.014506981224140524,0.4834905672116116,True,True,True,True,True,True,True,True,True,True,0.46939685981261475,0.474415781718132,0.4870173903899479,0.5138175623450129,0.5,[0.1],[0.9]
prob_001 | p_005,rA,rA,0.001,100.0,0.474108615132341,0.17539525981667542,0.474108615132341,True,True,True,True,False,True,True,True,True,True,0.21959333100475345,0.3474003111896504,0.5797328430211786,0.8070054507545656,0.5,[0.3],[0.7]
prob_001 | p_005,rB,rB,0.001,100.0,0.4930147282320858,0.049332848714937025,0.4930147282320858,True,True,True,True,True,True,True,True,True,True,0.4201196208607003,0.4578534216019133,0.5226099835087575,0.5850636512899152,0.5,[0.3],[0.7]
prob_002 | p_005,rA,rA,0.001,100.0,0.34627329262312406,4.388573759502452,0.34627329262312406,False,True,False,True,False,True,True,True,True,True,0.0011514544922902774,0.0021011187422576515,0.0084908144089909,0.0491921217061196,0.5,[0.5],[0.5]
prob_002 | p_005,rB,rB,0.001,100.0,0.3472271971151437,4.401063498839459,0.3472271971151437,False,True,False,True,False,True,True,True,True,True,0.0011623602183850315,0.0019713933638019388,0.008389703424888302,0.05086849763149094,0.5,[0.5],[0.5]
prob_003 | p_005,rA,rA,0.001,100.0,0.48760271398536537,0.04674345892852299,0.48760271398536537,True,True,True,True,True,True,True,True,True,True,0.41387191121434225,0.4538987373747231,0.5188920231442902,0.566152695377881,0.5,[0.7],[0.3]
prob_003 | p_005,rB,rB,0.001,100.0,0.4560771306396705,0.16724081373060737,0.4560771306396705,True,True,True,True,False,True,True,True,True,True,0.1882535381419168,0.3331525605713699,0.5673320578848162,0.74141330517513,0.5,[0.7],[0.3]
prob_004 | p_005,rA,rA,0.001,100.0,0.48323847651448126,0.01411525830667755,0.48323847651448126,True,True,True,True,True,True,True,True,True,True,0.46970364220079397,0.4745567227815411,0.48692039773840023,0.5109479125601482,0.5,[0.9],[0.1]
prob_004 | p_005,rB,rB,0.001,100.0,0.16825279404803903,0.26907832949475285,0.16825279404803903,False,True,False,True,False,True,True,True,True,True,0.0013839858440483446,0.006412064051785404,0.2126556112739445,0.7126853217231461,0.5,[0.9],[0.1]
prob_000 | p_006,rA,rA,0.001,100.0,6.683844270884016,14.168694407517574,6.683844270884016,False,True,False,True,False,True,True,True,True,True,0.003240148275132167,0.19988683267203441,7.043721678126839,28.0260615081771,0.5,[0.1],[0.9]
prob_000 | p_006,rB,rB,0.001,100.0,1.7363715714635477,1.6861557267865284,1.7363715714635477,True,True,False,True,False,True,True,True,True,True,0.9351110765833495,0.9653647158821239,1.7640146643119803,4.29471625993823,1.0,[0.1],[0.9]
prob_001 | p_006,rA,rA,0.001,100.0,0.3471533061871114,0.37081407924883764,0.3471533061871114,False,True,False,True,False,True,True,True,True,True,0.0015747072745695176,0.05493192038877222,0.5079732516211954,1.1614645984277756,0.5,[0.3],[0.7]
prob_001 | p_006,rB,rB,0.001,100.0,0.915871008370563,0.20318232175355685,0.915871008370563,True,True,True,True,True,True,True,True,True,True,0.7247043944377237,0.7572727832433701,1.0074279566530198,1.3739342982640343,1.0,[0.3],[0.7]
prob_002 | p_006,rA,rA,0.001,100.0,0.5034985203808342,0.0855323648049305,0.5034985203808342,True,True,True,True,True,True,True,True,True,True,0.3701845710930036,0.44562365588126956,0.555943837672928,0.6470848568570794,0.5,[0.5],[0.5]
prob_002 | p_006,rB,rB,0.001,100.0,1.005462434101857,0.133038055851131,1.005462434101857,True,True,True,True,True,True,True,True,True,True,0.7987681607301558,0.9189019664344615,1.0876073685614167,1.2286282725860207,1.0,[0.5],[0.5]
prob_003 | p_006,rA,rA,0.001,100.0,0.4979924141466622,0.03998743280566383,0.4979924141466622,True,True,True,True,True,True,True,True,True,True,0.4386338460770609,0.46883875034119665,0.523599070808057,0.5686947725419474,0.5,[0.7],[0.3]
prob_003 | p_006,rB,rB,0.001,100.0,0.9909486038760932,0.17743239859440305,0.9909486038760932,True,True,True,True,True,True,True,True,True,True,0.7274239546832666,0.8628301280255772,1.1050439634610385,1.301136295741409,1.0,[0.7],[0.3]
prob_004 | p_006,rA,rA,0.001,100.0,0.4695935244223333,0.023665628135324242,0.4695935244223333,True,True,True,True,True,True,True,True,True,True,0.44782380954957807,0.45411317474318685,0.47913129074623106,0.5146180131595443,0.5,[0.9],[0.1]
prob_004 | p_006,rB,rB,0.001,100.0,0.3640971860626088,0.4866677690079401,0.3640971860626088,False,True,False,True,False,True,True,True,True,True,0.0020968618076140583,0.016871489636624378,0.5923033621550534,1.3234177599142944,1.0,[0.9],[0.1]
prob_000 | p_007,rA,rA,0.001,100.0,0.17871520115170217,0.28483632773673434,0.17871520115170217,False,True,False,True,False,True,True,True,True,True,0.0017134252260565177,0.007480382582194178,0.2496121194236021,0.7330934914129986,0.5,[0.1],[0.9]
prob_000 | p_007,rB,rB,0.001,100.0,1.9046604650186647,0.08743004477294956,1.9046604650186647,True,True,True,True,True,True,True,True,True,True,1.8278935861135626,1.853546808603265,1.9279743789992716,2.0615342217412866,2.0,[0.1],[0.9]
prob_001 | p_007,rA,rA,0.001,100.0,0.4962843597713535,0.10175953031618536,0.4962843597713535,True,True,True,True,True,True,True,True,True,True,0.3383663244548841,0.42753559004735897,0.5631016194606344,0.6744118117093623,0.5,[0.3],[0.7]
prob_001 | p_007,rB,rB,0.001,100.0,1.9954889093153143,0.11937318113597162,1.9954889093153143,True,True,True,True,True,True,True,True,True,True,1.810641366044434,1.916298219551668,2.0709948695010785,2.1968934117183303,2.0,[0.3],[0.7]
prob_002 | p_007,rA,rA,0.001,100.0,0.5002116724912168,0.043642015426157435,0.5002116724912168,True,True,True,True,True,True,True,True,True,True,0.4328107421172713,0.46919229586498046,0.527528065255463,0.5741247594656405,0.5,[0.5],[0.5]
prob_002 | p_007,rB,rB,0.001,100.0,2.000909076245307,0.11841355388202514,2.000909076245307,True,True,True,True,True,True,True,True,True,True,1.814896318922886,1.9162139169126917,2.0734443249506636,2.1993602811442434,2.0,[0.5],[0.5]
prob_003 | p_007,rA,rA,0.001,100.0,0.5010761230782924,0.031534267774122306,0.5010761230782924,True,True,True,True,True,True,True,True,True,True,0.4517973207283535,0.4791418434127203,0.5216092433440678,0.5549590704604883,0.5,[0.7],[0.3]
prob_003 | p_007,rB,rB,0.001,100.0,2.005792334950619,0.19176832279914574,2.005792334950619,True,True,True,True,True,True,True,True,True,True,1.7132320864734352,1.8737635418964544,2.1331350926698605,2.3343360856659143,2.0,[0.7],[0.3]
prob_004 | p_007,rA,rA,0.001,100.0,0.4892653807489752,0.034401153512554,0.4892653807489752,True,True,True,True,True,True,True,True,True,True,0.4356302095711375,0.4656159653271314,0.5097073170718017,0.5502161984404902,0.5,[0.9],[0.1]
prob_004 | p_007,rB,rB,0.001,100.0,1.7529771114135622,0.7948852948921539,1.7529771114135622,True,True,True,True,False,True,True,True,True,True,0.5440675887498078,1.1988501372202682,2.226851011322296,3.2039558206914247,2.0,[0.9],[0.1]
prob_000 | p_008,rA,rA,0.001,100.0,0.2272609562375099,0.33230500473030233,0.2272609562375099,False,True,False,True,False,True,True,True,True,True,0.001699883973948747,0.009527857382984103,0.3312722691902483,0.9127074073500053,0.5,[0.1],[0.9]
prob_000 | p_008,rB,rB,0.001,100.0,9.437279641732475,0.744784634012593,9.437279641732475,True,True,True,True,True,True,True,True,True,True,8.676401270924991,8.955809909147554,9.679978896518287,10.86142113013431,10.0,[0.1],[0.9]
prob_001 | p_008,rA,rA,0.001,100.0,0.5020428659935889,0.061993062236076216,0.5020428659935889,True,True,True,True,True,True,True,True,True,True,0.4082868917922216,0.4604781868410584,0.5393360207500276,0.6092647965065676,0.5,[0.3],[0.7]
prob_001 | p_008,rB,rB,0.001,100.0,10.014798678937703,0.5186832134527003,10.014798678937703,True,True,True,True,True,True,True,True,True,True,9.194508506213387,9.666505740613594,10.332666238427517,10.925887546758885,10.0,[0.3],[0.7]
prob_002 | p_008,rA,rA,0.001,100.0,0.5037089737290498,0.03851334002803054,0.5037089737290498,True,True,True,True,True,True,True,True,True,True,0.44212538233168897,0.4772129297671337,0.5288777156409236,0.5697004194193483,0.5,[0.5],[0.5]
prob_002 | p_008,rB,rB,0.001,100.0,10.043510131270263,0.4872104487185973,10.043510131270263,True,True,True,True,True,True,True,True,True,True,9.25070693392921,9.716533448394086,10.354611996189481,10.883320391924704,10.0,[0.5],[0.5]
prob_003 | p_008,rA,rA,0.001,100.0,0.5017447635713759,0.035671363071959006,0.5017447635713759,True,True,True,True,True,True,True,True,True,True,0.44811237415465416,0.4755189186757159,0.5253114278322157,0.5634095351106947,0.5,[0.7],[0.3]
prob_003 | p_008,rB,rB,0.001,100.0,10.033201293709133,0.6425220751496042,10.033201293709133,True,True,True,True,True,True,True,True,True,True,9.060071609157955,9.572906119661264,10.470732924565906,11.175130688183186,10.0,[0.7],[0.3]
prob_004 | p_008,rA,rA,0.001,100.0,0.5006341883504268,0.03614358354515927,0.5006341883504268,True,True,True,True,True,True,True,True,True,True,0.44617287760112806,0.4756281110741296,0.5232232339509311,0.5630232497252371,0.5,[0.9],[0.1]
prob_004 | p_008,rB,rB,0.001,100.0,10.021582524416916,1.4417513152157484,10.021582524416916,True,True,True,True,True,True,True,True,True,True,7.847573825434907,9.009952179062356,10.883111498020213,12.574258813071722,10.0,[0.9],[0.1]
prob_001 | p_009,rA,rA,0.001,100.0,1.8324566965462115,3.0277719280436477,1.8324566965462115,False,True,False,True,False,True,True,True,True,True,0.0032243922430485526,0.01684914091558328,2.168829635144057,9.20128508291786,1.0,[0.3],[0.7]
prob_001 | p_009,rB,rB,0.001,100.0,1.3572970870026353,1.2991407823572823,1.3572970870026353,True,True,False,True,False,True,True,True,True,True,0.5696287905027075,0.5801116319355804,1.5030647915112303,4.523376399760871,1.0,[0.3],[0.7]
prob_002 | p_009,rA,rA,0.001,100.0,0.2520508702958672,2.6352358388204755,0.2520508702958672,False,True,False,True,False,True,True,True,True,True,0.00115756016223322,0.0020314072848606913,0.00804128859461447,0.048344722412373684,1.0,[0.5],[0.5]
prob_002 | p_009,rB,rB,0.001,100.0,0.25191301952936707,2.629242808994141,0.25191301952936707,False,True,False,True,False,True,True,True,True,True,0.001210542185877117,0.0020351859385139147,0.008012450625711943,0.047375089564420124,1.0,[0.5],[0.5]
prob_003 | p_009,rA,rA,0.001,100.0,1.903668184960836,3.703893897453486,1.903668184960836,False,True,False,True,False,True,True,True,True,True,0.5675986925988837,0.5790985351078162,1.050982717091267,6.0195499483794705,1.0,[0.7],[0.3]
prob_003 | p_009,rB,rB,0.001,100.0,3.1174851516941318,8.684750088360278,3.1174851516941318,False,True,False,True,False,True,True,True,True,True,0.0013753306140798563,0.012188882961745574,1.1316596613209529,12.64812836950276,1.0,[0.7],[0.3]
prob_004 | p_009,rA,rA,0.001,100.0,2.1540497476352383,2.2885007291220556,2.1540497476352383,False,True,False,True,False,True,True,True,True,True,0.8827218371111697,0.8964010024591839,2.897252868959638,7.657023392984522,1.0,[0.9],[0.1]
prob_004 | p_009,rB,rB,0.001,100.0,11.384114844961035,20.601251971033474,11.384114844961035,False,True,False,True,False,True,True,True,True,True,0.005489353805870644,0.03837022210459049,17.787520797844216,60.16783858264326,1.0,[0.9],[0.1]
prob_000 | p_010,rA,rA,0.001,100.0,0.4933164491906771,0.5405947293666523,0.4933164491906771,False,True,False,True,False,True,True,True,True,True,0.0045810286697438906,0.07207872666327396,0.7246696646366043,1.730530908073996,1.0,[0.1],[0.9]
prob_000 | p_010,rB,rB,0.001,100.0,1.8619376224593729,0.1480973436315788,1.8619376224593729,True,True,True,True,True,True,True,True,True,True,1.7178991832919763,1.752602719293248,1.9277908281237264,2.1983951216419677,2.0,[0.1],[0.9]
prob_001 | p_010,rA,rA,0.001,100.0,1.008796628012101,0.2011678766760165,1.008796628012101,True,True,True,True,True,True,True,True,True,True,0.710857195148739,0.8613015182061686,1.1342998188522868,1.3657880970091782,1.0,[0.3],[0.7]
prob_001 | p_010,rB,rB,0.001,100.0,2.007579859944589,0.1776320587714869,2.007579859944589,True,True,True,True,True,True,True,True,True,True,1.743696155797193,1.8761623581289786,2.1143171581047726,2.316945268123262,2.0,[0.3],[0.7]
prob_002 | p_010,rA,rA,0.001,100.0,1.012408591870533,0.1490687790060264,1.012408591870533,True,True,True,True,True,True,True,True,True,True,0.7894280136547608,0.9073131222674995,1.10681609621868,1.2757069910864258,1.0,[0.5],[0.5]
prob_002 | p_010,rB,rB,0.001,100.0,2.02069213577644,0.25461266788259623,2.02069213577644,True,True,True,True,True,True,True,True,True,True,1.6382024486308504,1.8423385431556563,2.182194182338519,2.479584690681253,2.0,[0.5],[0.5]
prob_003 | p_010,rA,rA,0.001,100.0,1.0090651517703815,0.17785365121056657,1.0090651517703815,True,True,True,True,True,True,True,True,True,True,0.7558015380893999,0.8831121937157431,1.110676540214985,1.3334134088230962,1.0,[0.7],[0.3]
prob_003 | p_010,rB,rB,0.001,100.0,2.030540906979702,0.5874838147652083,2.030540906979702,True,True,True,True,True,True,True,True,True,True,1.19219634582629,1.6076776049967418,2.35843888036445,3.106070290617047,2.0,[0.7],[0.3]
prob_004 | p_010,rA,rA,0.001,100.0,0.9924977957283314,0.5381059250131699,0.9924977957283314,True,True,False,True,False,True,True,True,True,True,0.7974240312744285,0.8064288514879095,0.9210640203679024,2.195052408321133,1.0,[0.9],[0.1]
prob_004 | p_010,rB,rB,0.001,100.0,1.9030440786656933,5.4360853439517856,1.9030440786656933,False,True,False,True,False,True,True,True,True,True,0.0014159757163917067,0.008082380439633835,1.187542868376956,13.655718199583102,2.0,[0.9],[0.1]
prob_000 | p_011,rA,rA,0.001,100.0,0.6541630644455884,0.5969355152320982,0.6541630644455884,True,True,False,True,False,True,True,True,True,True,0.004338824226717833,0.16401862934396746,0.986675491219803,1.7464761586696116,1.0,[0.1],[0.9]
prob_000 | p_011,rB,rB,0.001,100.0,9.344872760958392,1.1370391268935414,9.344872760958392,True,True,True,True,True,True,True,True,True,True,8.033122931648943,8.453509857559972,9.960043015783206,11.43731750389584,10.0,[0.1],[0.9]
prob_001 | p_011,rA,rA,0.001,100.0,1.0104135189866459,0.12141030129241057,1.0104135189866459,True,True,True,True,True,True,True,True,True,True,0.8273546084648051,0.9250818334557552,1.0863433185269284,1.217291486164138,1.0,[0.3],[0.7]
prob_001 | p_011,rB,rB,0.001,100.0,10.055549112869485,0.6721653799581605,10.055549112869485,True,True,True,True,True,True,True,True,True,True,9.061710839112518,9.574917660854736,10.486730459805695,11.22202578323222,10.0,[0.3],[0.7]
prob_002 | p_011,rA,rA,0.001,100.0,1.0074766868396565,0.08137348210222592,1.0074766868396565,True,True,True,True,True,True,True,True,True,True,0.8826009776059356,0.9528435210112174,1.0581861734160676,1.1440644296153015,1.0,[0.5],[0.5]
prob_002 | p_011,rB,rB,0.001,100.0,10.058689519907185,0.6188455555254733,10.058689519907185,True,True,True,True,True,True,True,True,True,True,9.07493820385038,9.65176164786169,10.44062392030083,11.113331399822897,10.0,[0.5],[0.5]
prob_003 | p_011,rA,rA,0.001,100.0,1.0062668965938013,0.0878837678098129,1.0062668965938013,True,True,True,True,True,True,True,True,True,True,0.8740021945130718,0.9461457356063981,1.0621304283523625,1.1659422568634885,1.0,[0.7],[0.3]
prob_003 | p_011,rB,rB,0.001,100.0,10.063343582379016,0.9131425898255624,10.063343582379016,True,True,True,True,True,True,True,True,True,True,8.695815589855009,9.433280861673044,10.62802023671418,11.670836615304486,10.0,[0.7],[0.3]
prob_004 | p_011,rA,rA,0.001,100.0,1.0312444054056713,0.14309692995427775,1.0312444054056713,True,True,True,True,True,True,True,True,True,True,0.8300840859470227,0.9202528360595802,1.1173639407955938,1.253993939664848,1.0,[0.9],[0.1]
prob_004 | p_011,rB,rB,0.001,100.0,10.634779921254164,2.781676628750086,10.634779921254164,True,True,True,True,True,True,True,True,True,True,6.655515736187823,8.599071190187221,12.271784419020397,14.893029541583392,10.0,[0.9],[0.1]
prob_000 | p_012,rA,rA,0.001,100.0,1.7127328290415764,1.0195686795000896,1.7127328290415764,True,True,False,True,False,True,True,True,True,True,0.30876400203434756,0.9570190878885181,2.3427307036626863,3.635118980345295,2.0,[0.1],[0.9]
prob_000 | p_012,rB,rB,0.001,100.0,1.933768651549088,0.23740645879536448,1.933768651549088,True,True,True,True,True,True,True,True,True,True,1.604475134671277,1.763825900822297,2.0816366194010065,2.3758605108310826,2.0,[0.1],[0.9]
prob_001 | p_012,rA,rA,0.001,100.0,2.2232020046352177,0.7798637027538351,2.2232020046352177,True,True,True,True,False,True,True,True,True,True,1.2099861992322842,1.6481538998690037,2.6497596135216424,3.640491711717796,2.0,[0.3],[0.7]
prob_001 | p_012,rB,rB,0.001,100.0,2.133121111206822,0.4671034129027491,2.133121111206822,True,True,True,True,True,True,True,True,True,True,1.5179517687753197,1.7882744612299315,2.3907726531350013,2.9811910552348504,2.0,[0.3],[0.7]
prob_002 | p_012,rA,rA,0.001,100.0,0.3968312215617141,3.6915975945955717,0.3968312215617141,False,True,False,True,False,True,True,True,True,True,0.0011477089377471186,0.002006859166368653,0.008459873946015968,0.061157003047562185,2.0,[0.5],[0.5]
prob_002 | p_012,rB,rB,0.001,100.0,0.3973909951974289,3.6973832757875447,0.3973909951974289,False,True,False,True,False,True,True,True,True,True,0.001144024875463292,0.0020267238495656676,0.008355292272803865,0.06115516402310654,2.0,[0.5],[0.5]
prob_003 | p_012,rA,rA,0.001,100.0,2.1209173944682984,0.4664464065361631,2.1209173944682984,True,True,True,True,True,True,True,True,True,True,1.5190324056281461,1.795361018225024,2.3696944788885546,2.981371270974926,2.0,[0.7],[0.3]
prob_003 | p_012,rB,rB,0.001,100.0,2.2025458539458134,0.7754947957294984,2.2025458539458134,True,True,True,True,False,True,True,True,True,True,1.2076747204561065,1.6623021886296365,2.614102359329284,3.626843674856735,2.0,[0.7],[0.3]
prob_000 | p_013,rA,rA,0.001,100.0,2.0334172739811995,0.9084709819063808,2.0334172739811995,True,True,True,True,False,True,True,True,True,True,0.7657568335366144,1.3924462539271276,2.5441862420487977,3.603387657088455,2.0,[0.1],[0.9]
prob_000 | p_013,rB,rB,0.001,100.0,10.064766270410715,1.4313172484882364,10.064766270410715,True,True,True,True,True,True,True,True,True,True,8.002866509875096,9.022165026368247,10.921875863039874,12.611815344890132,10.0,[0.1],[0.9]
prob_001 | p_013,rA,rA,0.001,100.0,2.0394199158804183,0.2877399380746335,2.0394199158804183,True,True,True,True,True,True,True,True,True,True,1.615280494664277,1.829646477812402,2.2222202922773193,2.5431998075966673,2.0,[0.3],[0.7]
prob_001 | p_013,rB,rB,0.001,100.0,10.133027643489786,0.9709420181396542,10.133027643489786,True,True,True,True,True,True,True,True,True,True,8.71026847106361,9.438878211485205,10.762299392970364,11.808684077422098,10.0,[0.3],[0.7]
prob_002 | p_013,rA,rA,0.001,100.0,2.040555030132349,0.2444466231837149,2.040555030132349,True,True,True,True,True,True,True,True,True,True,1.6836806379972389,1.8640819064313323,2.1994517886419147,2.4802852590705586,2.0,[0.5],[0.5]
prob_002 | p_013,rB,rB,0.001,100.0,10.177004513028626,1.0620338142273307,10.177004513028626,True,True,True,True,True,True,True,True,True,True,8.62923692945857,9.409146689282563,10.83994551697174,12.078875752692802,10.0,[0.5],[0.5]
prob_003 | p_013,rA,rA,0.001,100.0,2.074565706507663,0.3572921812034714,2.074565706507663,True,True,True,True,True,True,True,True,True,True,1.5826835196908247,1.8230619068664422,2.2700976533924835,2.7290559152162968,2.0,[0.7],[0.3]
prob_003 | p_013,rB,rB,0.001,100.0,10.411177036494609,1.9760623083647748,10.411177036494609,True,True,True,True,True,True,True,True,True,True,7.686803358716348,9.016944262460015,11.468578580965904,14.046954028883754,10.0,[0.7],[0.3]
prob_000 | p_014,rA,rA,0.001,100.0,11.387982027152384,4.3422623830001115,11.387982027152384,True,True,True,True,False,True,True,True,True,True,6.329121786270616,8.281570941991431,13.577707210626446,18.950367727507693,10.0,[0.1],[0.9]
prob_000 | p_014,rB,rB,0.001,100.0,10.9124597573364,2.8578857886669597,10.9124597573364,True,True,True,True,True,True,True,True,True,True,7.553588794875747,8.831970011885002,12.397332578181608,15.85858238801952,10.0,[0.1],[0.9]
prob_001 | p_014,rA,rA,0.001,100.0,16.234412152326634,12.168792825800386,16.234412152326634,True,True,False,True,False,True,True,True,True,True,6.524750148298841,8.934297221308537,18.180963357135457,42.85442317875235,10.0,[0.3],[0.7]
prob_001 | p_014,rB,rB,0.001,100.0,15.509334964843223,10.743745777927948,15.509334964843223,True,True,False,True,False,True,True,True,True,True,6.991518409915396,9.033835118788721,17.247805971852536,39.15985541724584,10.0,[0.3],[0.7]
prob_002 | p_014,rA,rA,0.001,100.0,0.1364576332686767,2.0634306275780814,0.1364576332686767,False,True,False,True,False,True,True,True,True,True,0.001180712503843457,0.002145602728492558,0.008425416997401972,0.04542930836648103,10.0,[0.5],[0.5]
prob_002 | p_014,rB,rB,0.001,100.0,0.13647319134605704,2.057855114262559,0.13647319134605704,False,True,False,True,False,True,True,True,True,True,0.0011936378316512416,0.002180372950759008,0.008289848742712156,0.042617867441233324,10.0,[0.5],[0.5]
prob_003 | p_014,rA,rA,0.001,100.0,14.362116100639827,9.668398266704216,14.362116100639827,True,True,False,True,False,True,True,True,True,True,6.749383557165499,8.7771916537042,16.23211411532621,32.80358655580494,10.0,[0.7],[0.3]
prob_003 | p_014,rB,rB,0.001,100.0,14.927570491198292,10.923279463071488,14.927570491198292,True,True,False,True,False,True,True,True,True,True,6.315406422554043,8.639285973080677,17.024332156865725,35.64214092982229,10.0,[0.7],[0.3]
prob_004 | p_014,rA,rA,0.001,100.0,10.742251831326394,2.8657797189019427,10.742251831326394,True,True,True,True,True,True,True,True,True,True,7.532448936184631,8.779560615597235,11.99372830469939,16.310916515558382,10.0,[0.9],[0.1]
prob_004 | p_014,rB,rB,0.001,100.0,11.134326031327243,4.350881574634491,11.134326031327243,True,True,True,True,False,True,True,True,True,True,6.294223307918669,8.092911107392771,13.028514153257714,19.640114778927135,10.0,[0.9],[0.1]
